{"train/loss": 0.025631414726376534, "epoch": 1, "trainer/global_step": 69149, "_timestamp": 1676861405.3962047, "_runtime": 352.99284863471985, "_step": 1382}