{"train/loss": 0.043647073209285736, "epoch": 0, "trainer/global_step": 27049, "_timestamp": 1676861192.0781646, "_runtime": 139.67480850219727, "_step": 540}