{"train/loss": 0.02072984352707863, "epoch": 1, "trainer/global_step": 69299, "_timestamp": 1676857336.8840077, "_runtime": 371.12152671813965, "_step": 1385, "_wandb": {"runtime": 369}}